Feature_ID,Feature_Name,Category,Priority,Complexity,Description,Input,Output,Dependencies,Status,Notes
BC001,블록 생성 및 검증,핵심 블록체인,High,High,새로운 블록을 생성하고 기존 블록의 유효성을 검증하는 기능,트랜잭션 목록,검증된 블록,BC002 BC003,Implemented,PoW/PoS 알고리즘 지원
BC002,트랜잭션 처리,핵심 블록체인,High,High,트랜잭션을 검증하고 실행하는 기능,트랜잭션 데이터,실행 결과,BC003 BC004,Implemented,EVM 실행 포함
BC003,상태 관리,핵심 블록체인,High,High,블록체인 상태를 관리하고 업데이트하는 기능,상태 변경 요청,업데이트된 상태,BC001 BC002,Implemented,State Trie 사용
BC004,머클 트리 관리,핵심 블록체인,High,Medium,상태와 트랜잭션의 머클 트리를 구성하고 검증하는 기능,데이터 해시,머클 루트,BC003,Implemented,Patricia Trie 구현
BC005,블록체인 동기화,핵심 블록체인,High,High,다른 노드와 블록체인 데이터를 동기화하는 기능,피어 노드,동기화된 블록체인,NET001 NET002,Implemented,Snap Sync 지원
NET001,P2P 노드 발견,네트워킹,High,Medium,네트워크에서 다른 노드를 발견하는 기능,부트스트랩 노드,피어 노드 목록,NET002,Implemented,DNS 기반 발견
NET002,피어 연결 관리,네트워킹,High,Medium,피어 노드와의 연결을 관리하는 기능,피어 정보,연결 상태,NET001,Implemented,자동 재연결 지원
NET003,메시지 라우팅,네트워킹,Medium,Medium,노드 간 메시지를 라우팅하는 기능,메시지 데이터,전달된 메시지,NET002,Implemented,프로토콜별 라우팅
NET004,NAT 트래버설,네트워킹,Medium,High,NAT 환경에서 노드 연결을 위한 트래버설 기능,로컬 IP,공개 IP,NET001,Implemented,UPnP 지원
NET005,네트워크 프로토콜,네트워킹,High,High,이더리움 P2P 프로토콜 구현,프로토콜 메시지,프로토콜 응답,NET002 NET003,Implemented,ETH/SNAP 프로토콜
CONS001,PoW 합의 알고리즘,합의 알고리즘,High,High,작업 증명 기반 합의 알고리즘,블록 헤더,검증 결과,BC001,Implemented,Ethash 알고리즘
CONS002,PoS 합의 알고리즘,합의 알고리즘,High,High,지분 증명 기반 합의 알고리즘,검증자 정보,검증 결과,BC001,Implemented,Beacon Chain 연동
CONS003,PoA 합의 알고리즘,합의 알고리즘,Medium,Medium,권한 증명 기반 합의 알고리즘,권한자 목록,검증 결과,BC001,Implemented,Clique 프로토콜
CONS004,합의 규칙 검증,합의 알고리즘,High,Medium,합의 규칙에 따른 블록 검증,블록 데이터,검증 결과,CONS001 CONS002 CONS003,Implemented,다양한 합의 알고리즘 지원
ACC001,키스토어 관리,계정 관리,High,Medium,암호화된 개인키를 안전하게 저장하고 관리하는 기능,개인키,암호화된 키스토어,ACC002,Implemented,AES 암호화
ACC002,하드웨어 지갑 지원,계정 관리,Medium,High,하드웨어 지갑과의 연동 기능,하드웨어 지갑,서명 결과,ACC001,Implemented,Ledger/Trezor 지원
ACC003,계정 생성/삭제,계정 관리,High,Low,새로운 계정을 생성하고 삭제하는 기능,계정 정보,계정 주소,ACC001,Implemented,ECDSA 키 생성
ACC004,서명 기능,계정 관리,High,Medium,트랜잭션과 메시지에 대한 디지털 서명 기능,서명할 데이터,서명 결과,ACC001 ACC002,Implemented,secp256k1 서명
SC001,EVM 실행,스마트 컨트랙트,High,High,이더리움 가상머신에서 스마트 컨트랙트를 실행하는 기능,바이트코드,실행 결과,BC002,Implemented,150개 이상의 opcode 지원
SC002,가스 계산,스마트 컨트랙트,High,Medium,트랜잭션 실행에 필요한 가스를 계산하는 기능,트랜잭션 데이터,가스 사용량,SC001,Implemented,동적 가스 계산
SC003,컨트랙트 배포,스마트 컨트랙트,High,Medium,스마트 컨트랙트를 블록체인에 배포하는 기능,컨트랙트 바이트코드,컨트랙트 주소,SC001 SC002,Implemented,생성자 실행 포함
SC004,컨트랙트 호출,스마트 컨트랙트,High,Medium,배포된 스마트 컨트랙트의 함수를 호출하는 기능,호출 데이터,실행 결과,SC001,Implemented,ABI 인코딩/디코딩
API001,JSON-RPC API,API 인터페이스,High,Medium,JSON-RPC 프로토콜을 통한 API 제공,JSON-RPC 요청,JSON-RPC 응답,BC001 BC002,Implemented,표준 이더리움 API
API002,HTTP 서버,API 인터페이스,High,Low,HTTP를 통한 API 서버 제공,HTTP 요청,HTTP 응답,API001,Implemented,포트 8545 기본
API003,WebSocket 서버,API 인터페이스,Medium,Medium,WebSocket을 통한 실시간 API 제공,WebSocket 연결,실시간 데이터,API001,Implemented,포트 8546 기본
API004,IPC 통신,API 인터페이스,Medium,Low,프로세스 간 통신을 통한 API 제공,IPC 메시지,IPC 응답,API001,Implemented,Unix 소켓 사용
API005,REST API,API 인터페이스,Low,Medium,RESTful API 제공,HTTP 요청,JSON 응답,API002,Not Implemented,추가 개발 필요
DEV001,abigen 도구,개발자 도구,Medium,Medium,스마트 컨트랙트 ABI를 Go 바인딩으로 변환하는 도구,ABI 파일,Go 바인딩 코드,SC004,Implemented,컴파일 타임 타입 안전성
DEV002,evm 디버거,개발자 도구,Medium,High,EVM 바이트코드를 디버깅하는 도구,바이트코드,디버그 정보,SC001,Implemented,단계별 실행 지원
DEV003,rlpdump 도구,개발자 도구,Low,Low,RLP 인코딩된 데이터를 디코딩하는 도구,RLP 데이터,디코딩된 데이터,BC004,Implemented,16진수 입력 지원
DEV004,트레이서,개발자 도구,Medium,High,트랜잭션 실행 과정을 추적하는 도구,트랜잭션 데이터,실행 추적,SC001,Implemented,다양한 트레이서 지원
DEV005,로그 분석,개발자 도구,Medium,Medium,블록체인 로그를 분석하는 도구,로그 데이터,분석 결과,BC002,Implemented,구조화된 로그
SEC001,암호화,보안,High,High,데이터 암호화 및 복호화 기능,평문 데이터,암호화된 데이터,ACC001,Implemented,AES-256 암호화
SEC002,서명 검증,보안,High,Medium,디지털 서명의 유효성을 검증하는 기능,서명 데이터,검증 결과,ACC004,Implemented,secp256k1 검증
SEC003,접근 제어,보안,Medium,Medium,API 접근 권한을 제어하는 기능,접근 요청,권한 확인,API001,Implemented,IP 기반 제한
SEC004,보안 통신,보안,High,High,노드 간 보안 통신 기능,통신 데이터,암호화된 통신,NET002,Implemented,TLS 암호화
SEC005,키 관리,보안,High,Medium,암호화 키의 안전한 관리 기능,키 데이터,보호된 키,ACC001,Implemented,HSM 지원
PERF001,Snap Sync,성능 최적화,High,High,빠른 블록체인 동기화를 위한 스냅샷 기반 동기화,스냅샷 데이터,동기화된 상태,BC005,Implemented,상태 스냅샷 사용
PERF002,State Pruning,성능 최적화,Medium,Medium,오래된 상태 데이터를 정리하는 기능,상태 데이터,정리된 상태,BC003,Implemented,자동 정리 스케줄
PERF003,캐시 관리,성능 최적화,Medium,Low,메모리 캐시를 효율적으로 관리하는 기능,캐시 데이터,최적화된 캐시,BC001,Implemented,LRU 캐시 알고리즘
PERF004,병렬 처리,성능 최적화,High,High,여러 작업을 병렬로 처리하는 기능,작업 목록,병렬 처리 결과,BC002,Implemented,Go 루틴 사용
PERF005,메모리 최적화,성능 최적화,Medium,Medium,메모리 사용량을 최적화하는 기능,메모리 데이터,최적화된 메모리,PERF003,Implemented,가비지 컬렉션 튜닝
MON001,메트릭 수집,모니터링,Medium,Medium,시스템 성능 메트릭을 수집하는 기능,시스템 데이터,메트릭 데이터,BC001 BC002,Implemented,Prometheus 메트릭
MON002,로그 관리,모니터링,Medium,Low,시스템 로그를 관리하는 기능,로그 데이터,구조화된 로그,BC001,Implemented,구조화된 로깅
MON003,성능 모니터링,모니터링,Medium,Medium,시스템 성능을 실시간으로 모니터링하는 기능,성능 데이터,모니터링 결과,MON001,Implemented,실시간 대시보드
MON004,에러 추적,모니터링,High,Medium,시스템 에러를 추적하고 분석하는 기능,에러 데이터,에러 분석,BC001,Implemented,스택 트레이스
MON005,디버깅 도구,모니터링,Medium,High,시스템 디버깅을 위한 도구 제공,디버그 요청,디버그 정보,DEV002,Implemented,원격 디버깅 지원
